-- MySQL dump 10.13  Distrib 8.0.44, for Win64 (x86_64)
--
-- Host: localhost    Database: boutique_pro_historique
-- ------------------------------------------------------
-- Server version	8.0.44

/*!40101 SET @OLD_CHARACTER_SET_CLIENT=@@CHARACTER_SET_CLIENT */;
/*!40101 SET @OLD_CHARACTER_SET_RESULTS=@@CHARACTER_SET_RESULTS */;
/*!40101 SET @OLD_COLLATION_CONNECTION=@@COLLATION_CONNECTION */;
/*!50503 SET NAMES utf8mb4 */;
/*!40103 SET @OLD_TIME_ZONE=@@TIME_ZONE */;
/*!40103 SET TIME_ZONE='+00:00' */;
/*!40014 SET @OLD_UNIQUE_CHECKS=@@UNIQUE_CHECKS, UNIQUE_CHECKS=0 */;
/*!40014 SET @OLD_FOREIGN_KEY_CHECKS=@@FOREIGN_KEY_CHECKS, FOREIGN_KEY_CHECKS=0 */;
/*!40101 SET @OLD_SQL_MODE=@@SQL_MODE, SQL_MODE='NO_AUTO_VALUE_ON_ZERO' */;
/*!40111 SET @OLD_SQL_NOTES=@@SQL_NOTES, SQL_NOTES=0 */;

--
-- Table structure for table `categories`
--

DROP TABLE IF EXISTS `categories`;
/*!40101 SET @saved_cs_client     = @@character_set_client */;
/*!50503 SET character_set_client = utf8mb4 */;
CREATE TABLE `categories` (
  `id` int NOT NULL AUTO_INCREMENT,
  `nom_categorie` varchar(100) NOT NULL,
  PRIMARY KEY (`id`)
) ENGINE=InnoDB AUTO_INCREMENT=4 DEFAULT CHARSET=utf8mb4 COLLATE=utf8mb4_0900_ai_ci;
/*!40101 SET character_set_client = @saved_cs_client */;

--
-- Dumping data for table `categories`
--

LOCK TABLES `categories` WRITE;
/*!40000 ALTER TABLE `categories` DISABLE KEYS */;
INSERT INTO `categories` VALUES (1,'informatique'),(2,'Papeterie'),(3,'Mobilier');
/*!40000 ALTER TABLE `categories` ENABLE KEYS */;
UNLOCK TABLES;

--
-- Table structure for table `mouvements`
--

DROP TABLE IF EXISTS `mouvements`;
/*!40101 SET @saved_cs_client     = @@character_set_client */;
/*!50503 SET character_set_client = utf8mb4 */;
CREATE TABLE `mouvements` (
  `id` int NOT NULL AUTO_INCREMENT,
  `id_produit` int NOT NULL,
  `quantite` int NOT NULL,
  `type_mouvement` enum('ENTREE','SORTIE') NOT NULL,
  `date_mouvement` datetime NOT NULL,
  PRIMARY KEY (`id`),
  KEY `id_produit` (`id_produit`),
  CONSTRAINT `mouvements_ibfk_1` FOREIGN KEY (`id_produit`) REFERENCES `produits` (`id`)
) ENGINE=InnoDB AUTO_INCREMENT=6 DEFAULT CHARSET=utf8mb4 COLLATE=utf8mb4_0900_ai_ci;
/*!40101 SET character_set_client = @saved_cs_client */;

--
-- Dumping data for table `mouvements`
--

LOCK TABLES `mouvements` WRITE;
/*!40000 ALTER TABLE `mouvements` DISABLE KEYS */;
INSERT INTO `mouvements` VALUES (1,5,2,'ENTREE','2026-02-10 09:56:10'),(2,5,1,'SORTIE','2026-02-10 09:57:28'),(3,6,15,'ENTREE','2026-02-10 11:21:46'),(4,7,12,'ENTREE','2026-02-10 11:22:54'),(5,7,2,'SORTIE','2026-02-10 11:42:23');
/*!40000 ALTER TABLE `mouvements` ENABLE KEYS */;
UNLOCK TABLES;

--
-- Table structure for table `produits`
--

DROP TABLE IF EXISTS `produits`;
/*!40101 SET @saved_cs_client     = @@character_set_client */;
/*!50503 SET character_set_client = utf8mb4 */;
CREATE TABLE `produits` (
  `id` int NOT NULL AUTO_INCREMENT,
  `designation` varchar(100) NOT NULL,
  `prix` decimal(10,2) NOT NULL,
  `stock` int NOT NULL DEFAULT '0',
  `categorie_id` int NOT NULL,
  PRIMARY KEY (`id`),
  KEY `categorie_id` (`categorie_id`),
  CONSTRAINT `produits_ibfk_1` FOREIGN KEY (`categorie_id`) REFERENCES `categories` (`id`)
) ENGINE=InnoDB AUTO_INCREMENT=8 DEFAULT CHARSET=utf8mb4 COLLATE=utf8mb4_0900_ai_ci;
/*!40101 SET character_set_client = @saved_cs_client */;

--
-- Dumping data for table `produits`
--

LOCK TABLES `produits` WRITE;
/*!40000 ALTER TABLE `produits` DISABLE KEYS */;
INSERT INTO `produits` VALUES (1,'Clavier',3000.00,8,1),(2,'Table ordinateur',5000.00,8,3),(3,'Chemisier',500.00,3,2),(4,'bloc note',1000.00,2,2),(5,'bloc note',1000.00,1,2),(6,'routeur',8000.00,15,1),(7,'Table bureau',12000.00,10,3);
/*!40000 ALTER TABLE `produits` ENABLE KEYS */;
UNLOCK TABLES;
/*!40103 SET TIME_ZONE=@OLD_TIME_ZONE */;

/*!40101 SET SQL_MODE=@OLD_SQL_MODE */;
/*!40014 SET FOREIGN_KEY_CHECKS=@OLD_FOREIGN_KEY_CHECKS */;
/*!40014 SET UNIQUE_CHECKS=@OLD_UNIQUE_CHECKS */;
/*!40101 SET CHARACTER_SET_CLIENT=@OLD_CHARACTER_SET_CLIENT */;
/*!40101 SET CHARACTER_SET_RESULTS=@OLD_CHARACTER_SET_RESULTS */;
/*!40101 SET COLLATION_CONNECTION=@OLD_COLLATION_CONNECTION */;
/*!40111 SET SQL_NOTES=@OLD_SQL_NOTES */;

-- Dump completed on 2026-02-10 12:00:34
